<?xml version="1.0" encoding="UTF-8"?>
<beans xmlns="http://www.springframework.org/schema/beans"
	xmlns:p="http://www.springframework.org/schema/p" xmlns:xsi="http://www.w3.org/2001/XMLSchema-instance"
	xsi:schemaLocation="http://www.springframework.org/schema/beans 
       	http://www.springframework.org/schema/beans/spring-beans-3.0.xsd">

	<bean id="jobOperator"
		class="org.springframework.batch.core.launch.support.SimpleJobOperator"
		p:jobLauncher-ref="jobLauncher" p:jobExplorer-ref="jobExplorer"
		p:jobRepository-ref="jobRepository" p:jobRegistry-ref="jobRegistry" />

	<bean id="jobExplorer"
		class="org.springframework.batch.core.explore.support.JobExplorerFactoryBean"
		p:dataSource-ref="dataSource" />

	<bean id="jobRegistry"
		class="org.springframework.batch.core.configuration.support.MapJobRegistry" />

	<bean
		class="org.springframework.batch.core.configuration.support.JobRegistryBeanPostProcessor">
		<property name="jobRegistry" ref="jobRegistry" />
	</bean>

	<bean id="jobLauncher"
		class="org.springframework.batch.core.launch.support.SimpleJobLauncher">
		<property name="jobRepository" ref="jobRepository" />
	</bean>

	<!-- database au choix : basique (type derby) / oracle -->

	<bean id="dataSource" class="org.apache.commons.dbcp2.BasicDataSource">
		<property name="driverClassName" value="${batch.jdbc.driver}" />
		<property name="url" value="${batch.jdbc.url}" />
		<property name="username" value="${batch.jdbc.user}" />
		<property name="password" value="${batch.jdbc.password}" />
	</bean>

	<!-- <bean id="dataSource" class="oracle.jdbc.pool.OracleDataSource" destroy-method="close"> 
		<property name="connectionCachingEnabled" value="true" /> <property name="driverType" 
		value="thin" /> <property name="URL"><value>${batch.jdbc.url}</value></property> 
		<property name="user"><value>${batch.jdbc.user}</value></property> <property 
		name="password"><value>${batch.jdbc.password}</value></property> </bean> -->


	<!-- job repository et transaction manager au choix : map (in-memory) ou 
		database -->
	<bean id="jobRepository"
		class="org.springframework.batch.core.repository.support.MapJobRepositoryFactoryBean"
		p:transactionManager-ref="transactionManager" />
	<bean id="transactionManager"
		class="org.springframework.batch.support.transaction.ResourcelessTransactionManager" />
	<!--bean id="jobRepository" class="org.springframework.batch.core.repository.support.JobRepositoryFactoryBean" 
		p:dataSource-ref="dataSource" p:transactionManager-ref="transactionManager" 
		/> <bean id="transactionManager" class="org.springframework.jdbc.datasource.DataSourceTransactionManager" 
		lazy-init="true"> <property name="dataSource" ref="dataSource" /> </bean -->

	<!-- parametres externes -->
	<bean id="placeholderProperties"
		class="org.springframework.beans.factory.config.PropertyPlaceholderConfigurer">
		<property name="locations">
			<list>
				<value>file:./conf/batch-default.properties</value>
				<value>file:./conf/datasource.properties</value>
				<value>file:./conf/csv.properties</value>
			</list>
		</property>
		<property name="systemPropertiesModeName" value="SYSTEM_PROPERTIES_MODE_OVERRIDE" />
		<property name="fileEncoding" value="UTF-8" />
		<property name="ignoreUnresolvablePlaceholders" value="true" />
		<property name="order" value="1" />
	</bean>
</beans>
